{
  "formatVersion": 1,
  "database": {
    "version": 1,
    "identityHash": "958b0d18d970cb6c02593f62db73f3e4",
    "entities": [
      {
        "tableName": "BookEntity",
        "createSql": "CREATE TABLE IF NOT EXISTS `${TABLE_NAME}` (`id` TEXT NOT NULL, `title` TEXT NOT NULL, `description` TEXT, `imageUrl` TEXT NOT NULL, `languages` TEXT NOT NULL, `authors` TEXT NOT NULL, `firstPublishYear` TEXT, `ratingsAverage` REAL, `ratingsCount` INTEGER, `numPagesMedian` INTEGER, `numEditions` INTEGER NOT NULL, PRIMARY KEY(`id`))",
        "fields": [
          {
            "fieldPath": "id",
            "columnName": "id",
            "affinity": "TEXT",
            "notNull": true
          },
          {
            "fieldPath": "title",
            "columnName": "title",
            "affinity": "TEXT",
            "notNull": true
          },
          {
            "fieldPath": "description",
            "columnName": "description",
            "affinity": "TEXT"
          },
          {
            "fieldPath": "imageUrl",
            "columnName": "imageUrl",
            "affinity": "TEXT",
            "notNull": true
          },
          {
            "fieldPath": "languages",
            "columnName": "languages",
            "affinity": "TEXT",
            "notNull": true
          },
          {
            "fieldPath": "authors",
            "columnName": "authors",
            "affinity": "TEXT",
            "notNull": true
          },
          {
            "fieldPath": "firstPublishYear",
            "columnName": "firstPublishYear",
            "affinity": "TEXT"
          },
          {
            "fieldPath": "ratingsAverage",
            "columnName": "ratingsAverage",
            "affinity": "REAL"
          },
          {
            "fieldPath": "ratingsCount",
            "columnName": "ratingsCount",
            "affinity": "INTEGER"
          },
          {
            "fieldPath": "numPagesMedian",
            "columnName": "numPagesMedian",
            "affinity": "INTEGER"
          },
          {
            "fieldPath": "numEditions",
            "columnName": "numEditions",
            "affinity": "INTEGER",
            "notNull": true
          }
        ],
        "primaryKey": {
          "autoGenerate": false,
          "columnNames": [
            "id"
          ]
        }
      }
    ],
    "setupQueries": [
      "CREATE TABLE IF NOT EXISTS room_master_table (id INTEGER PRIMARY KEY,identity_hash TEXT)",
      "INSERT OR REPLACE INTO room_master_table (id,identity_hash) VALUES(42, '958b0d18d970cb6c02593f62db73f3e4')"
    ]
  }
}